{    metadata":{
      poion:50,    "tye:"uffeGeometry",
       "generator"io_three",
      "rsion":3
   
   "daa":{
       "attributes"{
       "poitio"{
             "emSize":3,
            "ype""oAray,
            aray":[.46875,0.24218.757812,.5,0.0937.685,0.62,24218,.671875,-0.5,0.0375,.675,-0.46875,0.421880.77812,-.625,0.241880.71875.54875,0.046875,.578125,0.625022880.625,0.54685,00546875,0.57812,-0.6,024188,0.56,03162,-0.0375,6178,-0.35162,-0.034375,0.617188,0475,0.663,0.765625,.5562.31250.71875,-.351562,.0312,.1875,-0.4375,0.1640630.765625,0.351562,.3283,0.7815,023125,0.0935,0.74218,0.03125,.09375,0.741,-0.31562,0.133,0.7812,.15625,0.04870.6438,-0.1525,0.46875,0.648438,0.140625,0.242188,4188,0.40625,.4218,0.488,-0.071,0.42188,0.6550.24218,0.22188,.7687,.234,0.16063,0.796875,-0.22188,0.24218,.9675,0.31,0.390625042188,0.2325,0.025,0742188,0.7125,.2421880.65625,-0.1625,04375,0.648438,0.35152,0.453150.7185,0.15625,0.375,.6443035162.45325,0.71875,-0.351562051562,0617188,0.35162,0.39375,0.78125,0.27348,0.328125,079875,-0.35560.35937,0.7812,0.4375,0.328125076565,.4375,03281250.765625,-0.5,0390625,0.675,050.3902,0675,0.3516,051625,0.67188,-0.546875,.43750.57825,0.548750.4375,05715,0.4765620.242188,0.77348,-07562,.242188,077343,04431,0.335938,.78125,.445312,0.335930.78125,-.5562,0.3,0.8046880351562,0375,084688,-0.27338,0.3825,0.96875,0.26525,0.35938,0.8203120.65625,0335938,0.820312,.22652,0.42188,0.80312,0.265625.15625,0.312,0.226562,024188,0.820312,-0.2655,015625,.80312,0.5156,0.18,0.8048,-0.3516,0.11718.80488,-.273438,0.164063,0.96870.4412,0.1565,0.78125,-0.45312,0.15625,0.7812,.562,.4188,0828125,-0.5152,0.2428808212,0.1662-0.9688,0.63283,0,-0.84375,0.712,0179688,-0.6875,0.5548,-.1606,-0.929688,0.3281,0-0.945312,06406250.234375,-0914062,0.632130.328125-04512.523438,-.23437-.914062,0.2813,.176,-0.96875,.5546880367188,-0890250.5325,-0.36718,-0.90625,0.53125,-0.3285,0.531,.523438,0.3562065312,057010.2565,-0.203,06403,-0.625,-0.820312,0.664063,-.35162,-0692,0.57031,.3125,-0.4375.70312,02,032,0.687,0.25,.703125.687,-032-435,.70312,0.23125-0.1875,0.625,0.8438,-0.46875,0.6718750.1,-11562,.815,-.3983,-004875,.67175,-.20312,0.85,0.625-125,0.11568125,0328,-.03900.539062.7,-140625,03125,-038,0.390625,0.53906-0.617188,0.06875,.625,0.726562,.203125,0.601562,0.7188,0.054675,0.625-0.726562.2025,0.601562,0.85935,.42968,0.5375,0.88125,0.14843,4452,-0.89375,0.2968,0.5935,-0.72180.375,0.652,07109380.843,.650.74288,0.375,0.65625-0.7130.48437,0.2-0.6870.41406,0.726562,0492188,.01,0.87,0.68750.414063,0.726562,.4921800,6875-0.47,0.56875,7875,.3125,.640625,0.8393,0.435,0.546875,0.796875-0.5,040625,0.359380.16250.170.75812,02012,0.77130.7375,0.1525,.185,0.757812,-020312,0.61718,0.51562,0.0,0.492188,05,02031250.617188,.5162,-0.0625,0.9188,075,-1156,0.2988,0.845,0,.42988,0.742188,10562,0.4296880.84375,0,0.1563,0.203120.25.46875,0.5781,0.1602,04163,0773438,-0.250.675,0.75782,0.328125,0.47663,0.42188,0.429680.4375,07185,-0.32825,.46563,0.72188,06562,0.375,0664062,-0.42988,0.43750.785,060650.296756484,-0.60152,0.375,.6662,0.250.175,0.6443,0.640625,0.2968,648438,0.4280.0650.718,-0.625,0.1875,0.648438,0.75,0.056250.03125,-0.218,.065,0.71875,-0.375,05625,0703125,0004675,0.72656,0.125,0.08.76625,-.125,0.3688,0.76562,0,210938,0.76562,0.3212,0.2109,75812,.1322,0.209380.7512,.6462,0.140625,0.5,-0.164020.1065,0.75,0.0625,-0.8821206531-0625,-0.8812,0695313,0.11718,-0835937,0710938-0.11718,-0.8359370.710938,0.10975,0.71875,.734375,0.210938,-0.44532,0.71038011718,-68,0.73435,-.11718-0.875,0.7343,-0.1038,-.4532,.7103,00375-.175,0.734375,0,-.328125,.74218.7812,-0.445312,.7,.0859375,-028962,0.742188,-0.07812,-0445312,05,0,-0.443120.750-0.679,.734375,0,0.662,034375,015,-0.2656,0.75,009375,-.273437,0825,0935,-0.73437,0.782,-0125,-0.2266,0.75,0.855-029062,074188,0.09375,-.181,0712,0.101562,-.148430.741-0.109375,013812,.7825,-0.132812,0.26562,.685,0.03906,-0.125,0.7825,-0062,0.742188,-0.965,.12,0.781250.101562,-0.18437,0.74288,0,-0.175,0.96870,0.1532,075,,.3232,0.81250,-028062,0.804688,078125,-0.,.84688,0.04875,01447,0.8125,.04687,-0.14837,0.812,.0935-0.156250.815,-.935-0.1562,0.825,0.13212,0.226562,0.79687,-0.1035-0.2562,0.828125,0078125,-0.25,004880.0375-0.226562,08282,,-0203125,.821,01406,-242187,071098,-0.1646,-0.24218,0.710938,-0.17968,03120.710938,0.19688,0.3125,.10938,.257812,-0.3125.55488,-025782,-31250.5568,.2345,-0.25,0.55688-234375,-0.5,0.5546880.35,-0.742187,0.726,-0.037,-074287,.72656,0-0.773437,0.18750.037,-.82031,0.71938,-0.0375,-0.83,0.71093,0.0475,0.867187,0.6875-00467,-0.67187,0.8750-0.890625,0.687,0,-0.87,06875,0,-089375,0.632813-.04685-0.851562,06283,0.375,-0.8125,.64625,0.046875,0.8552,0.63281,-0.09375,08125,0.640625,0.09375-0.5.6646,-0.09,-0.75,0.666,0-.7125,05625,0.18,0.15625,0.7438,0.17185,0170.8125,-0.875,0.1650.77348-0.171875,.25,0.825,.1768,0.98750.8125-0178,0.296875,0.78125,.21098,0.375,7825,-0.2198,0.75,0.7825,-0.26,0.193578125,0375,0.065.72188,022656,109750.72,-0.35,0.0625,0.74188,0.475620.11563,0.717-476562,0.015,0.7175,0.5782,0.953,0.679688,-.820.13,0.679688,0.5859380.903,0.6875,-.55938,0289063,0.675,-056250.35156309512,0625,0.5163.69531-0.42875,039838077348,0.335938,0.42988,0757812,.42175,0.398438,0.7338,-033530.42968,0.75782,0.734380.4218,7734,0.273438,0.42187,.7343,0234375,.35975,.757812,0.8125,0.98,0562-0.237,0.359375,0.7578120.2825,0398438,.76562,0.33538,.40625,75,-0.3593,0.0625,0.75,0.446,039065075-0.41400.906,0.75,05312,03353,0.67988,-.125.3593.7968,0.554688,21506715,-054688,0.28125,0.6715.54875,0.2138,.671875,-0.56875,0.210938,0.67175,0.460938,0.17188,0.03125-0.46098,011718,0.701,0.375,0.0859375,0.726562-0.350.0859375,0.72656,0.4288,0.125,.757812,0.24218,0.125,0.75812,0203125,017175,0.75,-.2015,071850.75,0.195310298,0.75781,-0.19312,.2968,.7781,0.19532,0.226563,0.75,-0.95312,0.2653,075,0.19375,0.4609,060375,0,0.4650.601562,-.109375,0.460938.69375,01953,0.40,0.61188,-0195312,0.66062,0.6718,-0.3312,0.757813,0.734375,-033538,0.6,0.5375,0.35938,068750.535-0.48475,0.554688,0.5546880.443750.554688,054688,-0.679688,.45325,0.49217.7675,.4065,0.460937,.6796,0.125,0.49218,-0.76875,40625,.4609,-0828125,0.14843,.4312,-0.73438,06463,.37,0.015621.80992e-08,0.414062,0.733,164063,0.375,-0.60562,1.8092e08,0.4162,375,-0.09375,0.46875,-0.375,-0930.6875,0,0.44375.28125,0.12,-0.39062,0.35375,0-05703,0.2033,-012-0.59060.35935,-0.179688,.414020.257813,0.1462,-0.757812,367188,,-0046880.3375,-.4025,-0.757812,0.361.40,-0.45312,0.43,0,0.9762,0.4603,-0.1462,-0.453,04375032815-09140620.84,-0.32825-14062,0.9438,0.062,-071980382813,-0289062,-0.710938,0.382830.2,-5,0.39062,025,0.0.30,0.79688,-4062,.257813,0.3435,-0.351562,04025,-0.24375,-05162,.4025,0.1875-0.28250.429688-0.2187,-0.125,.42968,-021938,-.26562,0.875.2031250.71750.5-0.203125,-0.17187,0.5,-0.4375,-01406,0.31250.3353,0.056875,-0.64062,0,-0.19313,-0.71870,0.70312,-0.8125-0.338,0.046875-.66402,-0.3435,-0.138-0.59620.335,-04438,-0.539062,0,-0.32813,-0.351562-0.29875,0.3125,0.220.20938,-0.3965,0.1643,0,-460938,0.175,0.2138,-0.302,0.1603,0.734375,.04685,0.07031250.8516,0.23437,0.0546875073375-046875,0.70315,8512,0.23475,0.546875,0.60938,0.45,-0.031,0,05625,-0.85156,-0.46938,.375-0.703125,0.43120.85562,02370,0.9875,-0.07825,,0.8848,0.28902,-0.43125,.851562,0.23475,-0.5315,.92988,0.003125,0.5312,086718,-0.38283,0,.89848,-0.546875,0.453125,.878,-0.821,0.72656,04625,0.33593,.328120.3150.28125,-0.726562,040625,0.35937,-0.6321,0.315,.2825,0.796875,.525,01,0.4062,0.7015,.05685,-96875,0.5625,.12,-06406250.7035,0.054675,0.796875,06178,-11718,0.640625,0.75,0.195313,0.7687,.17188,-0.11718,-064062,.,0.195330.79685,539062,0.359350.6625,0.678,0.4513,-.796875,0.539062,-0.3935,-0.462,0.67968,0.445313,0.61718,0.32815,0.58593,077438,0.5625,0.43750.7188,.3215,.585938,0.53125,0.929688,-0.0703125,046098.5338,042987-0.46093,0.523438,0.42687,0.57312,0.57031,.8537030312,-0.4675,-0.85975,32031,0.04675.80312,0.28125,0.0325,-08203120328150.20325,0.2875,-0.325,-0.2662504062,-0.171875,0.148,.4025,0.715,0.1838,-0.4968,-0.1951,021937,0.93,0125-0.14062,-0.5375,