{

  "metdata" :
    {
      fmatVersion" : 3
       "neaBy"   : "Blener .63 xorter",
       "ertices"     ,
       "faces        : ,
    "nrmals"       : 0,
      "coors       22,
       "us"           0,
      "maeials"     1,
    "morphTgts : 0
  },

    "scale":1.00000,

  "materals"[{
	DbgColor" 15658734,
	"DgIndex :0
	DbgNm" : "Materal",	"bleding":"NrlBlening",
	"colorDifuse" 0.8000001920929, 0.80000011920929, 0.800000019209],
	"colorSecular" : [05, 05, 0.5],
	"epthTes" : rue,
"dethWrit"  true,
"shadin "Lambert",
	"speculaCo": 50,
	"oat" 1.0,
ransarnt" : false
	"vrteColors  tru
	}],

    "vrtices":[.00000,1000000,1.0000,1.000000,1.000000,1.00000-1.000000,1.0000,1.000000,-1.000,-.0,-1.0000,1.00000,.0000,.00000,0.99999,1.000000,1.00001,100000,1.00000,1000,-1.000,.000-.000

   "mphTargets": ],

    "nrmals": [],
   colors [1677215,669421,1676944,845435,1195931,729989,16586715,187,105601402475,136244944089,7962349,6772991,177462143,1197388,1966063,052850812321369694,002581],
  "uvs":[[]],
  "face": [13,0,1,23,0,0,1,231,,,6,5,0,4,6,7,31,0,4,,10,0,,910131,1,562,,0,1,12,13,131,2,67,,0,4,151,17,314,0,,,0181920,2

}
